-- MySQL dump 10.13  Distrib 8.0.32, for Win64 (x86_64)
--
-- Host: localhost    Database: agent
-- ------------------------------------------------------
-- Server version	8.0.32

/*!40101 SET @OLD_CHARACTER_SET_CLIENT=@@CHARACTER_SET_CLIENT */;
/*!40101 SET @OLD_CHARACTER_SET_RESULTS=@@CHARACTER_SET_RESULTS */;
/*!40101 SET @OLD_COLLATION_CONNECTION=@@COLLATION_CONNECTION */;
/*!50503 SET NAMES utf8 */;
/*!40103 SET @OLD_TIME_ZONE=@@TIME_ZONE */;
/*!40103 SET TIME_ZONE='+00:00' */;
/*!40014 SET @OLD_UNIQUE_CHECKS=@@UNIQUE_CHECKS, UNIQUE_CHECKS=0 */;
/*!40014 SET @OLD_FOREIGN_KEY_CHECKS=@@FOREIGN_KEY_CHECKS, FOREIGN_KEY_CHECKS=0 */;
/*!40101 SET @OLD_SQL_MODE=@@SQL_MODE, SQL_MODE='NO_AUTO_VALUE_ON_ZERO' */;
/*!40111 SET @OLD_SQL_NOTES=@@SQL_NOTES, SQL_NOTES=0 */;

--
-- Table structure for table `attendance`
--

DROP TABLE IF EXISTS `attendance`;
/*!40101 SET @saved_cs_client     = @@character_set_client */;
/*!50503 SET character_set_client = utf8mb4 */;
CREATE TABLE `attendance` (
  `attendance_id` int NOT NULL AUTO_INCREMENT COMMENT '考勤记录ID',
  `emp_id` int NOT NULL COMMENT '员工ID',
  `attendance_date` date NOT NULL COMMENT '考勤日期',
  `clock_in_time` datetime DEFAULT NULL COMMENT '上班打卡时间',
  `clock_out_time` datetime DEFAULT NULL COMMENT '下班打卡时间',
  `attendance_status` tinyint NOT NULL COMMENT '考勤状态：1-正常 2-迟到 3-早退 4-缺勤 5-请假 6-加班',
  `overtime_hours` decimal(3,1) DEFAULT '0.0' COMMENT '加班时长（小时）',
  `remark` varchar(255) DEFAULT NULL COMMENT '备注',
  `create_time` datetime DEFAULT CURRENT_TIMESTAMP COMMENT '创建时间',
  PRIMARY KEY (`attendance_id`),
  UNIQUE KEY `uk_emp_date` (`emp_id`,`attendance_date`),
  CONSTRAINT `attendance_ibfk_1` FOREIGN KEY (`emp_id`) REFERENCES `employees` (`emp_id`) ON DELETE CASCADE
) ENGINE=InnoDB AUTO_INCREMENT=46 DEFAULT CHARSET=utf8mb4 COLLATE=utf8mb4_0900_ai_ci COMMENT='考勤表';
/*!40101 SET character_set_client = @saved_cs_client */;

--
-- Dumping data for table `attendance`
--

LOCK TABLES `attendance` WRITE;
/*!40000 ALTER TABLE `attendance` DISABLE KEYS */;
INSERT INTO `attendance` VALUES (1,4,'2026-06-01','2026-06-01 08:50:00','2026-06-01 18:30:00',1,1.5,'正常下班加班','2026-07-02 20:08:49'),(2,5,'2026-06-01','2026-06-01 09:12:00','2026-06-01 18:05:00',2,0.0,'迟到12分钟','2026-07-02 20:08:49'),(3,6,'2026-06-01','2026-06-01 08:45:00','2026-06-01 17:20:00',3,0.0,'提前下班','2026-07-02 20:08:49'),(4,9,'2026-06-01',NULL,NULL,4,0.0,'未打卡缺勤','2026-07-02 20:08:49'),(5,7,'2026-06-01',NULL,NULL,5,0.0,'休年假','2026-07-02 20:08:49'),(6,4,'2026-06-02','2026-06-02 08:55:00','2026-06-02 19:00:00',6,2.0,'项目加班','2026-07-02 20:08:49'),(7,5,'2026-06-02','2026-06-02 08:58:00','2026-06-02 18:10:00',1,0.0,'正常','2026-07-02 20:08:49'),(8,8,'2026-06-02','2026-06-02 09:05:00','2026-06-02 17:50:00',2,0.0,'迟到','2026-07-02 20:08:49'),(9,13,'2026-06-02','2026-06-02 08:40:00','2026-06-02 18:40:00',6,1.0,'客户对接加班','2026-07-02 20:08:49'),(10,11,'2026-06-03','2026-06-03 08:50:00','2026-06-03 18:00:00',1,0.0,'正常','2026-07-02 20:08:49'),(11,16,'2026-06-03','2026-06-03 09:20:00','2026-06-03 17:30:00',2,0.0,'堵车迟到','2026-07-02 20:08:49'),(12,22,'2026-06-03','2026-06-03 08:35:00','2026-06-03 19:20:00',6,2.5,'迭代开发','2026-07-02 20:08:49'),(13,23,'2026-06-04','2026-06-04 08:52:00','2026-06-04 18:15:00',1,0.5,'轻度加班','2026-07-02 20:08:49'),(14,24,'2026-06-04',NULL,NULL,4,0.0,'请假忘记报备','2026-07-02 20:08:49'),(15,25,'2026-06-04','2026-06-04 08:48:00','2026-06-04 18:50:00',6,1.8,'数据报表加班','2026-07-02 20:08:49'),(16,27,'2026-06-04','2026-06-04 09:01:00','2026-06-04 17:45:00',1,0.0,'正常','2026-07-02 20:08:49'),(17,29,'2026-06-05','2026-06-05 08:55:00','2026-06-05 18:20:00',1,0.0,'正常','2026-07-02 20:08:49'),(18,30,'2026-06-05','2026-06-05 09:10:00','2026-06-05 17:25:00',3,0.0,'提前走盘点仓库','2026-07-02 20:08:49'),(19,34,'2026-06-05','2026-06-05 08:42:00','2026-06-05 19:10:00',6,2.2,'服务器维护','2026-07-02 20:08:49'),(20,35,'2026-06-05','2026-06-05 08:59:00','2026-06-05 18:00:00',1,0.0,'正常','2026-07-02 20:08:49'),(21,4,'2026-06-08','2026-06-08 08:50:00','2026-06-08 18:30:00',1,1.0,'正常','2026-07-02 20:08:49'),(22,5,'2026-06-08','2026-06-08 09:03:00','2026-06-08 18:00:00',2,0.0,'轻微迟到','2026-07-02 20:08:49'),(23,7,'2026-06-08','2026-06-08 08:46:00','2026-06-08 17:55:00',1,0.0,'正常','2026-07-02 20:08:49'),(24,12,'2026-06-08','2026-06-08 08:53:00','2026-06-08 18:45:00',6,1.2,'活动策划加班','2026-07-02 20:08:49'),(25,15,'2026-06-09','2026-06-09 08:40:00','2026-06-09 17:50:00',1,0.0,'正常','2026-07-02 20:08:49'),(26,18,'2026-06-09','2026-06-09 09:30:00','2026-06-09 17:00:00',2,0.0,'实习生迟到','2026-07-02 20:08:49'),(27,22,'2026-06-09','2026-06-09 08:51:00','2026-06-09 19:05:00',6,2.0,'需求排期加班','2026-07-02 20:08:49'),(28,26,'2026-06-09','2026-06-09 08:57:00','2026-06-09 18:10:00',1,0.0,'正常','2026-07-02 20:08:49'),(29,28,'2026-06-10','2026-06-10 08:44:00','2026-06-10 18:55:00',6,2.3,'外出谈客户加班','2026-07-02 20:08:49'),(30,31,'2026-06-10','2026-06-10 08:50:00','2026-06-10 17:40:00',1,0.0,'正常','2026-07-02 20:08:49'),(31,32,'2026-06-10','2026-06-10 09:08:00','2026-06-10 17:35:00',2,0.0,'迟到','2026-07-02 20:08:49'),(32,33,'2026-06-11','2026-06-11 08:47:00','2026-06-11 18:00:00',1,0.0,'正常','2026-07-02 20:08:49'),(33,36,'2026-06-11','2026-06-11 08:55:00','2026-06-11 18:30:00',6,1.5,'渠道方案加班','2026-07-02 20:08:49'),(34,37,'2026-06-11','2026-06-11 09:02:00','2026-06-11 17:50:00',1,0.0,'正常','2026-07-02 20:08:49'),(35,38,'2026-06-11','2026-06-11 08:49:00','2026-06-11 18:15:00',1,0.0,'招聘加班0.5h','2026-07-02 20:08:49'),(36,40,'2026-06-12','2026-06-12 09:25:00','2026-06-12 17:10:00',2,0.0,'实习生迟到','2026-07-02 20:08:49'),(37,4,'2026-06-15','2026-06-15 08:50:00','2026-06-15 18:20:00',1,1.0,'正常','2026-07-02 20:08:49'),(38,9,'2026-06-15','2026-06-15 08:43:00','2026-06-15 19:30:00',6,3.0,'机房巡检加班','2026-07-02 20:08:49'),(39,13,'2026-06-15','2026-06-15 09:00:00','2026-06-15 17:45:00',1,0.0,'正常','2026-07-02 20:08:49'),(40,17,'2026-06-15','2026-06-15 08:56:00','2026-06-15 18:05:00',1,0.0,'正常','2026-07-02 20:08:49'),(41,21,'2026-06-15',NULL,NULL,4,0.0,'已离职无考勤','2026-07-02 20:08:49'),(42,23,'2026-06-16','2026-06-16 08:52:00','2026-06-16 18:40:00',6,1.7,'页面重构加班','2026-07-02 20:08:49'),(43,25,'2026-06-16','2026-06-16 08:48:00','2026-06-16 18:10:00',1,0.0,'正常','2026-07-02 20:08:49'),(44,27,'2026-06-16','2026-06-16 09:04:00','2026-06-16 17:50:00',1,0.0,'正常','2026-07-02 20:08:49'),(45,30,'2026-06-16','2026-06-16 08:59:00','2026-06-16 17:30:00',3,0.0,'提前下班盘点','2026-07-02 20:08:49');
/*!40000 ALTER TABLE `attendance` ENABLE KEYS */;
UNLOCK TABLES;

--
-- Table structure for table `employees`
--

DROP TABLE IF EXISTS `employees`;
/*!40101 SET @saved_cs_client     = @@character_set_client */;
/*!50503 SET character_set_client = utf8mb4 */;
CREATE TABLE `employees` (
  `emp_id` int NOT NULL AUTO_INCREMENT COMMENT '员工ID',
  `emp_no` varchar(32) NOT NULL COMMENT '员工工号',
  `name` varchar(64) NOT NULL COMMENT '员工姓名',
  `gender` tinyint DEFAULT '1' COMMENT '性别：1-男 2-女',
  `department` varchar(64) NOT NULL COMMENT '所属部门',
  `position` varchar(64) NOT NULL COMMENT '岗位名称',
  `job_level` varchar(32) DEFAULT NULL COMMENT '职级',
  `hire_date` date NOT NULL COMMENT '入职日期',
  `regular_date` date DEFAULT NULL COMMENT '转正日期',
  `resign_date` date DEFAULT NULL COMMENT '离职日期',
  `phone` varchar(20) DEFAULT NULL COMMENT '手机号码',
  `email` varchar(128) DEFAULT NULL COMMENT '企业邮箱',
  `id_card` varchar(18) DEFAULT NULL COMMENT '身份证号',
  `manager_id` int DEFAULT NULL COMMENT '直属领导ID',
  `emp_status` tinyint NOT NULL DEFAULT '1' COMMENT '员工状态：1-试用期 2-在职 3-离职',
  `annual_leave_quota` decimal(4,1) DEFAULT '5.0' COMMENT '年度年假总天数',
  `annual_leave_used` decimal(4,1) DEFAULT '0.0' COMMENT '已休年假天数',
  `create_time` datetime DEFAULT CURRENT_TIMESTAMP COMMENT '创建时间',
  `update_time` datetime DEFAULT CURRENT_TIMESTAMP ON UPDATE CURRENT_TIMESTAMP COMMENT '更新时间',
  PRIMARY KEY (`emp_id`),
  UNIQUE KEY `emp_no` (`emp_no`),
  UNIQUE KEY `phone` (`phone`),
  UNIQUE KEY `email` (`email`),
  KEY `manager_id` (`manager_id`),
  CONSTRAINT `employees_ibfk_1` FOREIGN KEY (`manager_id`) REFERENCES `employees` (`emp_id`) ON DELETE SET NULL
) ENGINE=InnoDB AUTO_INCREMENT=47 DEFAULT CHARSET=utf8mb4 COLLATE=utf8mb4_0900_ai_ci COMMENT='员工主表';
/*!40101 SET character_set_client = @saved_cs_client */;

--
-- Dumping data for table `employees`
--

LOCK TABLES `employees` WRITE;
/*!40000 ALTER TABLE `employees` DISABLE KEYS */;
INSERT INTO `employees` VALUES (1,'EMP001','赵总',1,'总经办','总经理','M5','2020-01-10','2020-04-10',NULL,'13900000001','zhaozong@hr.com','370101197801101234',NULL,2,15.0,2.0,'2026-07-02 20:05:08','2026-07-02 20:05:08'),(2,'EMP002','钱总监',1,'技术部','技术总监','M3','2021-02-05','2021-05-05',NULL,'13900000002','qianzj@hr.com','370101198202051234',1,2,12.0,1.5,'2026-07-02 20:05:08','2026-07-02 20:05:08'),(3,'EMP003','孙人事',2,'人事部','HR主管','M1','2021-03-12','2021-06-12',NULL,'13900000003','sunhr@hr.com','370101198503121234',1,2,10.0,0.0,'2026-07-02 20:05:08','2026-07-02 20:05:08'),(4,'EMP004','李四',1,'技术部','后端开发','P5','2022-01-18','2022-04-18',NULL,'13900000004','lisi@hr.com','370101199401181234',2,2,10.0,3.0,'2026-07-02 20:05:08','2026-07-04 17:30:19'),(5,'EMP005','周小雯',2,'技术部','前端开发','P4','2022-02-20','2022-05-20',NULL,'13900000005','zhouxw@hr.com','370101199502201234',2,2,10.0,1.0,'2026-07-02 20:05:08','2026-07-02 20:05:08'),(6,'EMP006','吴测试',1,'技术部','测试工程师','P3','2022-03-01','2022-06-01',NULL,'13900000006','wuceshi@hr.com','370101199603011234',2,2,8.0,0.0,'2026-07-02 20:05:08','2026-07-02 20:05:08'),(7,'EMP007','郑产品',2,'产品部','产品经理','P5','2022-04-11','2022-07-11',NULL,'13900000007','zhengcp@hr.com','370101199304111234',1,2,10.0,2.5,'2026-07-02 20:05:08','2026-07-02 20:05:08'),(8,'EMP008','王UI',2,'产品部','UI设计师','P3','2022-05-06','2022-08-06',NULL,'13900000008','wangui@hr.com','370101199705061234',7,2,8.0,1.0,'2026-07-02 20:05:08','2026-07-02 20:05:08'),(9,'EMP009','冯运维',1,'技术部','运维工程师','P4','2022-06-15','2022-09-15',NULL,'13900000009','fengyw@hr.com','370101199206151234',2,2,10.0,4.0,'2026-07-02 20:05:08','2026-07-02 20:05:08'),(10,'EMP010','陈财务',2,'财务部','财务主管','M1','2021-04-22','2021-07-22',NULL,'13900000010','chencaiwu@hr.com','370101198404221234',1,2,12.0,0.0,'2026-07-02 20:05:08','2026-07-02 20:05:08'),(11,'EMP011','朱出纳',2,'财务部','出纳','P2','2022-07-09','2022-10-09',NULL,'13900000011','zhuna@hr.com','370101199807091234',10,2,7.0,2.0,'2026-07-02 20:05:08','2026-07-02 20:05:08'),(12,'EMP012','何市场',1,'市场部','市场主管','M1','2021-05-18','2021-08-18',NULL,'13900000012','heshichang@hr.com','370101198305181234',1,2,12.0,1.0,'2026-07-02 20:05:08','2026-07-02 20:05:08'),(13,'EMP013','马销售',1,'市场部','销售专员','P3','2022-08-21','2022-11-21',NULL,'13900000013','maxs@hr.com','370101199108211234',12,2,8.0,3.0,'2026-07-02 20:05:08','2026-07-02 20:05:08'),(14,'EMP014','胡客服',2,'市场部','客服专员','P2','2022-09-03','2022-12-03',NULL,'13900000014','hukefu@hr.com','370101199909031234',12,2,7.0,0.0,'2026-07-02 20:05:08','2026-07-02 20:05:08'),(15,'EMP015','林行政',2,'行政部','行政主管','M1','2021-06-14','2021-09-14',NULL,'13900000015','linxz@hr.com','370101198606141234',1,2,12.0,2.0,'2026-07-02 20:05:08','2026-07-02 20:05:08'),(16,'EMP016','钟前台',2,'行政部','前台接待','P1','2023-01-05','2023-04-05',NULL,'13900000016','zhongqt@hr.com','370101200001051234',15,2,5.0,1.0,'2026-07-02 20:05:08','2026-07-02 20:05:08'),(17,'EMP017','徐采购',1,'行政部','采购专员','P3','2023-02-16','2023-05-16',NULL,'13900000017','xucg@hr.com','370101199002161234',15,2,8.0,0.0,'2026-07-02 20:05:08','2026-07-02 20:05:08'),(18,'EMP018','高实习生',1,'技术部','前端开发','P0','2026-07-04','2026-07-04','2026-07-04','13900000018','gaosx@hr.com','370101200105101234',2,3,10.0,0.0,'2026-07-02 20:05:08','2026-07-04 16:30:26'),(19,'EMP019','杨新人',2,'人事部','HR','P2','2026-07-04','2026-07-04',NULL,'13900000019','yangxr@hr.com','370101200206011234',3,2,10.0,0.0,'2026-07-02 20:05:08','2026-07-04 16:29:38'),(20,'EMP020','黄离职1',1,'技术部','后端开发','P4','2020-03-20','2020-06-20','2024-08-15','13900000020','huanglz1@hr.com','370101199003201234',2,3,10.0,5.0,'2026-07-02 20:05:08','2026-07-02 20:05:08'),(21,'EMP021','白离职2',2,'产品部','产品助理','P2','2021-07-11','2021-10-11','2025-01-20','13900000021','bailz2@hr.com','370101199407111234',7,3,8.0,2.0,'2026-07-02 20:05:08','2026-07-02 20:05:08'),(22,'EMP022','江后端2',1,'技术部','后端开发','P4','2023-03-08','2023-06-08',NULL,'13900000022','jianghd@hr.com','370101199303081234',2,2,10.0,1.0,'2026-07-02 20:05:08','2026-07-02 20:05:08'),(23,'EMP023','苏前端2',2,'技术部','前端开发','P4','2023-04-19','2023-07-19',NULL,'13900000023','suqd@hr.com','370101199504191234',2,2,10.0,0.0,'2026-07-02 20:05:08','2026-07-02 20:05:08'),(24,'EMP024','崔测试2',1,'技术部','自动化测试','P4','2023-05-25','2023-08-25',NULL,'13900000024','cuiceshi@hr.com','370101199605251234',2,2,10.0,2.0,'2026-07-02 20:05:08','2026-07-02 20:05:08'),(25,'EMP025','陶数据',1,'技术部','数据开发','P5','2023-06-30','2023-09-30',NULL,'13900000025','taosj@hr.com','370101199206301234',2,2,10.0,3.0,'2026-07-02 20:05:08','2026-07-02 20:05:08'),(26,'EMP026','罗交互',2,'产品部','交互设计师','P4','2023-07-12','2023-10-12',NULL,'13900000026','luojh@hr.com','370101199707121234',7,2,10.0,0.0,'2026-07-02 20:05:08','2026-07-02 20:05:08'),(27,'EMP027','戴运营',1,'市场部','运营专员','P3','2023-08-07','2023-11-07',NULL,'13900000027','daiyy@hr.com','370101199108071234',12,2,8.0,1.0,'2026-07-02 20:05:08','2026-07-02 20:05:08'),(28,'EMP028','韩销售2',1,'市场部','大客户销售','P4','2023-09-14','2023-12-14',NULL,'13900000028','hanxs2@hr.com','370101199809141234',12,2,10.0,4.0,'2026-07-02 20:05:08','2026-07-02 20:05:08'),(29,'EMP029','邓总账',2,'财务部','总账会计','P4','2023-10-21','2024-01-21',NULL,'13900000029','dengkz@hr.com','370101198410211234',10,2,10.0,2.0,'2026-07-02 20:05:08','2026-07-02 20:05:08'),(30,'EMP030','彭库管',1,'行政部','仓库管理员','P2','2023-11-03','2024-02-03',NULL,'13900000030','pengkg@hr.com','370101199011031234',15,2,7.0,0.0,'2026-07-02 20:05:08','2026-07-02 20:05:08'),(31,'EMP031','蒋法务',2,'总经办','法务专员','P4','2023-12-16','2024-03-16',NULL,'13900000031','jiangfw@hr.com','370101198712161234',1,2,10.0,1.0,'2026-07-02 20:05:08','2026-07-02 20:05:08'),(32,'EMP032','沈文案',2,'市场部','文案策划','P3','2024-01-22','2024-04-22',NULL,'13900000032','shenww@hr.com','370101199901221234',12,2,8.0,0.0,'2026-07-02 20:05:08','2026-07-02 20:05:08'),(33,'EMP033','石安全',1,'行政部','安全管理员','P2','2024-02-10','2024-05-10',NULL,'13900000033','shianquan@hr.com','370101200002101234',15,2,7.0,1.0,'2026-07-02 20:05:08','2026-07-02 20:05:08'),(34,'EMP034','孟运维2',1,'技术部','云运维','P4','2024-03-17','2024-06-17',NULL,'13900000034','mengyw2@hr.com','370101199203171234',2,2,10.0,2.0,'2026-07-02 20:05:08','2026-07-02 20:05:08'),(35,'EMP035','顾测试3',2,'技术部','功能测试','P3','2024-04-08','2024-07-08',NULL,'13900000035','guceshi3@hr.com','370101199604081234',2,2,8.0,0.0,'2026-07-02 20:05:08','2026-07-02 20:05:08'),(36,'EMP036','包销售3',2,'市场部','渠道销售','P3','2024-05-19','2024-08-19',NULL,'13900000036','baoxs3@hr.com','370101199105191234',12,2,8.0,1.0,'2026-07-02 20:05:08','2026-07-02 20:05:08'),(37,'EMP037','纪财务2',2,'财务部','费用会计','P3','2024-06-24','2024-09-24',NULL,'13900000037','jicaiwu2@hr.com','370101198406241234',10,2,8.0,0.0,'2026-07-02 20:05:08','2026-07-02 20:05:08'),(38,'EMP038','盛人事2',1,'人事部','招聘专员','P3','2024-07-05','2024-10-05',NULL,'13900000038','shengrs2@hr.com','370101198507051234',3,2,8.0,2.0,'2026-07-02 20:05:08','2026-07-02 20:05:08'),(39,'EMP039','陆离职3',2,'市场部','运营助理','P2','2022-10-12','2023-01-12','2025-06-30','13900000039','lulz3@hr.com','370101199110121234',12,3,7.0,3.0,'2026-07-02 20:05:08','2026-07-02 20:05:08'),(40,'EMP040','侯实习生2',2,'产品部','产品实习生','P0','2026-06-10',NULL,NULL,'13900000040','housx2@hr.com','370101200306101234',7,1,3.0,0.0,'2026-07-02 20:05:08','2026-07-02 20:05:08'),(46,'EMP041','郑涵',2,'技术部','测试工程师','P0','2026-07-04','2026-07-04',NULL,'13900000041','zhengh@hr.com',NULL,NULL,2,10.0,0.0,'2026-07-04 16:39:33','2026-07-04 16:39:33');
/*!40000 ALTER TABLE `employees` ENABLE KEYS */;
UNLOCK TABLES;

--
-- Table structure for table `leave_requests`
--

DROP TABLE IF EXISTS `leave_requests`;
/*!40101 SET @saved_cs_client     = @@character_set_client */;
/*!50503 SET character_set_client = utf8mb4 */;
CREATE TABLE `leave_requests` (
  `leave_id` int NOT NULL AUTO_INCREMENT COMMENT '请假申请ID',
  `emp_id` int NOT NULL COMMENT '员工ID',
  `leave_type` tinyint NOT NULL COMMENT '请假类型：1-年假 2-事假 3-病假 4-婚假 5-产假 6-丧假',
  `start_time` datetime NOT NULL COMMENT '请假开始时间',
  `end_time` datetime NOT NULL COMMENT '请假结束时间',
  `leave_days` decimal(4,1) NOT NULL COMMENT '请假总天数',
  `apply_status` tinyint NOT NULL DEFAULT '1' COMMENT '申请状态：1-待审批 2-已通过 3-已驳回',
  `apply_time` datetime DEFAULT CURRENT_TIMESTAMP COMMENT '申请时间',
  `approver_id` int DEFAULT NULL COMMENT '审批人ID',
  `remark` varchar(255) DEFAULT NULL COMMENT '请假事由',
  `create_time` datetime DEFAULT CURRENT_TIMESTAMP COMMENT '创建时间',
  PRIMARY KEY (`leave_id`),
  KEY `emp_id` (`emp_id`),
  KEY `approver_id` (`approver_id`),
  CONSTRAINT `leave_requests_ibfk_1` FOREIGN KEY (`emp_id`) REFERENCES `employees` (`emp_id`) ON DELETE CASCADE,
  CONSTRAINT `leave_requests_ibfk_2` FOREIGN KEY (`approver_id`) REFERENCES `employees` (`emp_id`) ON DELETE SET NULL
) ENGINE=InnoDB AUTO_INCREMENT=31 DEFAULT CHARSET=utf8mb4 COLLATE=utf8mb4_0900_ai_ci COMMENT='请假申请表';
/*!40101 SET character_set_client = @saved_cs_client */;

--
-- Dumping data for table `leave_requests`
--

LOCK TABLES `leave_requests` WRITE;
/*!40000 ALTER TABLE `leave_requests` DISABLE KEYS */;
INSERT INTO `leave_requests` VALUES (1,7,1,'2026-06-01 00:00:00','2026-06-01 23:59:59',1.0,2,'2026-07-02 20:08:57',1,'家中有事休年假','2026-07-02 20:08:57'),(2,13,2,'2026-06-03 00:00:00','2026-06-03 23:59:59',1.0,2,'2026-07-02 20:08:57',12,'房屋维修事假','2026-07-02 20:08:57'),(3,16,3,'2026-06-05 00:00:00','2026-06-05 23:59:59',1.0,1,'2026-07-02 20:08:57',15,'感冒发烧病假','2026-07-02 20:08:57'),(4,4,1,'2026-06-12 00:00:00','2026-06-13 23:59:59',2.0,2,'2026-07-02 20:08:57',2,'回老家探亲年假','2026-07-02 20:08:57'),(5,28,2,'2026-06-08 00:00:00','2026-06-08 23:59:59',1.0,3,'2026-07-02 20:08:57',12,'私事驳回，调整时间','2026-07-02 20:08:57'),(6,5,1,'2026-06-18 00:00:00','2026-06-19 23:59:59',2.0,1,'2026-07-02 20:08:57',2,'预约年假','2026-07-02 20:08:57'),(7,11,3,'2026-06-10 00:00:00','2026-06-10 23:59:59',1.0,2,'2026-07-02 20:08:57',10,'肠胃不适病假','2026-07-02 20:08:57'),(8,22,1,'2026-06-22 00:00:00','2026-06-22 23:59:59',1.0,2,'2026-07-02 20:08:57',2,'休息调整年假','2026-07-02 20:08:57'),(9,26,4,'2026-07-01 00:00:00','2026-07-03 23:59:59',3.0,1,'2026-07-02 20:08:57',7,'筹备婚礼婚假','2026-07-02 20:08:57'),(10,32,2,'2026-06-16 00:00:00','2026-06-16 23:59:59',1.0,2,'2026-07-02 20:08:57',12,'办理证件事假','2026-07-02 20:08:57'),(11,9,1,'2026-06-25 00:00:00','2026-06-26 23:59:59',2.0,2,'2026-07-02 20:08:57',2,'外出办事年假','2026-07-02 20:08:57'),(12,17,3,'2026-06-11 00:00:00','2026-06-11 23:59:59',1.0,3,'2026-07-02 20:08:57',15,'病假材料不全驳回','2026-07-02 20:08:57'),(13,34,1,'2026-06-29 00:00:00','2026-06-30 23:59:59',2.0,1,'2026-07-02 20:08:57',2,'计划年假','2026-07-02 20:08:57'),(14,38,2,'2026-07-02 00:00:00','2026-07-02 23:59:59',1.0,1,'2026-07-02 20:08:57',3,'人才市场招聘事假','2026-07-02 20:08:57'),(15,15,1,'2026-06-20 00:00:00','2026-06-20 23:59:59',1.0,2,'2026-07-02 20:08:57',1,'采购对接年假','2026-07-02 20:08:57'),(16,29,3,'2026-06-17 00:00:00','2026-06-17 23:59:59',1.0,2,'2026-07-02 20:08:57',10,'牙疼就医病假','2026-07-02 20:08:57'),(17,25,1,'2026-07-06 00:00:00','2026-07-07 23:59:59',2.0,1,'2026-07-02 20:08:57',2,'体检年假','2026-07-02 20:08:57'),(18,36,2,'2026-06-23 00:00:00','2026-06-23 23:59:59',1.0,2,'2026-07-02 20:08:57',12,'车管所办事事假','2026-07-02 20:08:57'),(19,6,1,'2026-07-09 00:00:00','2026-07-10 23:59:59',2.0,1,'2026-07-02 20:08:57',2,'年假休息','2026-07-02 20:08:57'),(20,30,3,'2026-06-19 00:00:00','2026-06-19 23:59:59',1.0,2,'2026-07-02 20:08:57',15,'过敏就医病假','2026-07-02 20:08:57'),(21,12,1,'2026-06-26 00:00:00','2026-06-26 23:59:59',1.0,2,'2026-07-02 20:08:57',1,'市场调研年假','2026-07-02 20:08:57'),(22,31,2,'2026-07-03 00:00:00','2026-07-03 23:59:59',1.0,1,'2026-07-02 20:08:57',1,'法务公证事假','2026-07-02 20:08:57'),(23,8,1,'2026-07-13 00:00:00','2026-07-14 23:59:59',2.0,1,'2026-07-02 20:08:57',7,'年假','2026-07-02 20:08:57'),(24,24,3,'2026-06-24 00:00:00','2026-06-24 23:59:59',1.0,2,'2026-07-02 20:08:57',2,'发烧病假','2026-07-02 20:08:57'),(25,33,2,'2026-06-27 00:00:00','2026-06-27 23:59:59',1.0,3,'2026-07-02 20:08:57',15,'事假时间冲突驳回','2026-07-02 20:08:57'),(26,18,1,'2026-07-16 00:00:00','2026-07-17 23:59:59',2.0,1,'2026-07-02 20:08:57',2,'实习生申请年假','2026-07-02 20:08:57'),(27,37,3,'2026-06-28 00:00:00','2026-06-28 23:59:59',1.0,2,'2026-07-02 20:08:57',10,'肠胃炎病假','2026-07-02 20:08:57'),(28,40,2,'2026-07-07 00:00:00','2026-07-07 23:59:59',1.0,1,'2026-07-02 20:08:57',7,'产品培训事假','2026-07-02 20:08:57'),(30,4,1,'2026-07-04 18:00:00','2026-07-05 18:00:00',1.0,1,'2026-07-04 17:16:41',NULL,'回家休息','2026-07-04 17:16:41');
/*!40000 ALTER TABLE `leave_requests` ENABLE KEYS */;
UNLOCK TABLES;

--
-- Table structure for table `payroll`
--

DROP TABLE IF EXISTS `payroll`;
/*!40101 SET @saved_cs_client     = @@character_set_client */;
/*!50503 SET character_set_client = utf8mb4 */;
CREATE TABLE `payroll` (
  `payroll_id` int NOT NULL AUTO_INCREMENT COMMENT '薪资记录ID',
  `emp_id` int NOT NULL COMMENT '员工ID',
  `salary_month` varchar(7) NOT NULL COMMENT '薪资月份 YYYY-MM',
  `base_salary` decimal(10,2) NOT NULL COMMENT '基本工资',
  `performance_salary` decimal(10,2) DEFAULT '0.00' COMMENT '绩效工资',
  `post_allowance` decimal(10,2) DEFAULT '0.00' COMMENT '岗位补贴',
  `transport_allowance` decimal(10,2) DEFAULT '0.00' COMMENT '交通补贴',
  `meal_allowance` decimal(10,2) DEFAULT '0.00' COMMENT '餐补',
  `other_allowance` decimal(10,2) DEFAULT '0.00' COMMENT '其他补贴',
  `gross_salary` decimal(10,2) NOT NULL COMMENT '应发工资',
  `social_security_personal` decimal(10,2) DEFAULT '0.00' COMMENT '社保个人部分',
  `housing_fund_personal` decimal(10,2) DEFAULT '0.00' COMMENT '公积金个人部分',
  `personal_income_tax` decimal(10,2) DEFAULT '0.00' COMMENT '个人所得税',
  `other_deduction` decimal(10,2) DEFAULT '0.00' COMMENT '其他扣款',
  `net_salary` decimal(10,2) NOT NULL COMMENT '实发工资',
  `pay_status` tinyint DEFAULT '1' COMMENT '发放状态：1-待发放 2-已发放',
  `create_time` datetime DEFAULT CURRENT_TIMESTAMP COMMENT '创建时间',
  PRIMARY KEY (`payroll_id`),
  UNIQUE KEY `uk_emp_month` (`emp_id`,`salary_month`),
  CONSTRAINT `payroll_ibfk_1` FOREIGN KEY (`emp_id`) REFERENCES `employees` (`emp_id`) ON DELETE CASCADE
) ENGINE=InnoDB AUTO_INCREMENT=37 DEFAULT CHARSET=utf8mb4 COLLATE=utf8mb4_0900_ai_ci COMMENT='薪酬表';
/*!40101 SET character_set_client = @saved_cs_client */;

--
-- Dumping data for table `payroll`
--

LOCK TABLES `payroll` WRITE;
/*!40000 ALTER TABLE `payroll` DISABLE KEYS */;
INSERT INTO `payroll` VALUES (1,4,'2026-06',12000.00,3600.00,800.00,300.00,600.00,0.00,17300.00,1450.00,960.00,725.00,0.00,14165.00,2,'2026-07-02 20:09:09'),(2,5,'2026-06',11500.00,3200.00,800.00,300.00,600.00,0.00,16400.00,1380.00,920.00,632.00,0.00,13468.00,2,'2026-07-02 20:09:09'),(3,7,'2026-06',13000.00,4000.00,1000.00,300.00,600.00,0.00,18900.00,1560.00,1040.00,915.00,0.00,15385.00,2,'2026-07-02 20:09:09'),(4,13,'2026-06',9000.00,2800.00,500.00,300.00,600.00,0.00,13200.00,1080.00,720.00,342.00,0.00,11058.00,2,'2026-07-02 20:09:09'),(5,11,'2026-06',7500.00,1800.00,400.00,300.00,600.00,0.00,10600.00,900.00,600.00,120.00,0.00,8980.00,2,'2026-07-02 20:09:09'),(6,22,'2026-06',12000.00,3400.00,800.00,300.00,600.00,0.00,17100.00,1450.00,960.00,698.00,0.00,13992.00,2,'2026-07-02 20:09:09'),(7,28,'2026-06',10000.00,3500.00,600.00,300.00,600.00,0.00,15000.00,1200.00,800.00,480.00,0.00,12520.00,2,'2026-07-02 20:09:09'),(8,29,'2026-06',9500.00,2200.00,500.00,300.00,600.00,0.00,13100.00,1140.00,760.00,324.00,0.00,10876.00,2,'2026-07-02 20:09:09'),(9,34,'2026-06',12500.00,3800.00,800.00,300.00,600.00,0.00,18000.00,1500.00,1000.00,810.00,0.00,14690.00,2,'2026-07-02 20:09:09'),(10,38,'2026-06',8500.00,2000.00,400.00,300.00,600.00,0.00,11800.00,1020.00,680.00,228.00,0.00,9872.00,2,'2026-07-02 20:09:09'),(11,9,'2026-06',12200.00,3700.00,800.00,300.00,600.00,0.00,17600.00,1464.00,976.00,762.00,0.00,14398.00,2,'2026-07-02 20:09:09'),(12,16,'2026-06',5500.00,1200.00,200.00,300.00,600.00,0.00,7800.00,660.00,440.00,0.00,0.00,6700.00,2,'2026-07-02 20:09:09'),(13,4,'2026-05',12000.00,3400.00,800.00,300.00,600.00,0.00,17100.00,1450.00,960.00,698.00,0.00,13992.00,2,'2026-07-02 20:09:09'),(14,5,'2026-05',11500.00,3000.00,800.00,300.00,600.00,0.00,16200.00,1380.00,920.00,605.00,0.00,13295.00,2,'2026-07-02 20:09:09'),(15,7,'2026-05',13000.00,3800.00,1000.00,300.00,600.00,0.00,18700.00,1560.00,1040.00,888.00,0.00,15212.00,2,'2026-07-02 20:09:09'),(16,13,'2026-05',9000.00,2600.00,500.00,300.00,600.00,0.00,13000.00,1080.00,720.00,312.00,0.00,10888.00,2,'2026-07-02 20:09:09'),(17,11,'2026-05',7500.00,1700.00,400.00,300.00,600.00,0.00,10500.00,900.00,600.00,105.00,0.00,8895.00,2,'2026-07-02 20:09:09'),(18,22,'2026-05',12000.00,3200.00,800.00,300.00,600.00,0.00,16900.00,1450.00,960.00,671.00,0.00,13819.00,2,'2026-07-02 20:09:09'),(19,28,'2026-05',10000.00,3300.00,600.00,300.00,600.00,0.00,14800.00,1200.00,800.00,450.00,0.00,12350.00,2,'2026-07-02 20:09:09'),(20,29,'2026-05',9500.00,2000.00,500.00,300.00,600.00,0.00,12900.00,1140.00,760.00,294.00,0.00,10706.00,2,'2026-07-02 20:09:09'),(21,34,'2026-05',12500.00,3600.00,800.00,300.00,600.00,0.00,17800.00,1500.00,1000.00,780.00,0.00,14520.00,2,'2026-07-02 20:09:09'),(22,38,'2026-05',8500.00,1900.00,400.00,300.00,600.00,0.00,11700.00,1020.00,680.00,213.00,0.00,9787.00,2,'2026-07-02 20:09:09'),(23,9,'2026-05',12200.00,3500.00,800.00,300.00,600.00,0.00,17400.00,1464.00,976.00,732.00,0.00,14228.00,2,'2026-07-02 20:09:09'),(24,16,'2026-05',5500.00,1100.00,200.00,300.00,600.00,0.00,7700.00,660.00,440.00,0.00,0.00,6600.00,2,'2026-07-02 20:09:09'),(25,4,'2026-04',12000.00,3800.00,800.00,300.00,600.00,0.00,17500.00,1450.00,960.00,740.00,0.00,14350.00,2,'2026-07-02 20:09:09'),(26,5,'2026-04',11500.00,3500.00,800.00,300.00,600.00,0.00,16700.00,1380.00,920.00,672.00,0.00,13728.00,2,'2026-07-02 20:09:09'),(27,7,'2026-04',13000.00,4200.00,1000.00,300.00,600.00,0.00,19100.00,1560.00,1040.00,942.00,0.00,15558.00,2,'2026-07-02 20:09:09'),(28,13,'2026-04',9000.00,3000.00,500.00,300.00,600.00,0.00,13400.00,1080.00,720.00,372.00,0.00,11228.00,2,'2026-07-02 20:09:09'),(29,11,'2026-04',7500.00,2000.00,400.00,300.00,600.00,0.00,10800.00,900.00,600.00,135.00,0.00,9165.00,2,'2026-07-02 20:09:09'),(30,22,'2026-04',12000.00,3600.00,800.00,300.00,600.00,0.00,17300.00,1450.00,960.00,725.00,0.00,14165.00,2,'2026-07-02 20:09:09'),(31,28,'2026-04',10000.00,3700.00,600.00,300.00,600.00,0.00,15200.00,1200.00,800.00,510.00,0.00,12690.00,2,'2026-07-02 20:09:09'),(32,29,'2026-04',9500.00,2400.00,500.00,300.00,600.00,0.00,13300.00,1140.00,760.00,354.00,0.00,11046.00,2,'2026-07-02 20:09:09'),(33,34,'2026-04',12500.00,4000.00,800.00,300.00,600.00,0.00,18200.00,1500.00,1000.00,840.00,0.00,14860.00,2,'2026-07-02 20:09:09'),(34,38,'2026-04',8500.00,2200.00,400.00,300.00,600.00,0.00,12000.00,1020.00,680.00,258.00,0.00,10042.00,2,'2026-07-02 20:09:09'),(35,9,'2026-04',12200.00,3900.00,800.00,300.00,600.00,0.00,17800.00,1464.00,976.00,792.00,0.00,14568.00,2,'2026-07-02 20:09:09'),(36,16,'2026-04',5500.00,1300.00,200.00,300.00,600.00,0.00,7900.00,660.00,440.00,0.00,0.00,6800.00,2,'2026-07-02 20:09:09');
/*!40000 ALTER TABLE `payroll` ENABLE KEYS */;
UNLOCK TABLES;

--
-- Table structure for table `recruitment`
--

DROP TABLE IF EXISTS `recruitment`;
/*!40101 SET @saved_cs_client     = @@character_set_client */;
/*!50503 SET character_set_client = utf8mb4 */;
CREATE TABLE `recruitment` (
  `recruit_id` int NOT NULL AUTO_INCREMENT COMMENT '招聘记录ID',
  `position_name` varchar(64) NOT NULL COMMENT '招聘岗位',
  `position_department` varchar(64) NOT NULL COMMENT '所属部门',
  `candidate_name` varchar(64) NOT NULL COMMENT '候选人姓名',
  `candidate_phone` varchar(20) DEFAULT NULL COMMENT '候选人手机号',
  `candidate_email` varchar(128) DEFAULT NULL COMMENT '候选人邮箱',
  `resume_source` varchar(64) DEFAULT NULL COMMENT '简历来源',
  `resume_parse_status` tinyint DEFAULT '1' COMMENT '解析状态：1-未解析 2-已解析 3-失败',
  `recruit_status` tinyint NOT NULL DEFAULT '1' COMMENT '招聘进度：1-简历筛选 2-初面 3-复面 4-终面 5-Offer 6-已入职 7-淘汰',
  `current_interview_round` tinyint DEFAULT NULL COMMENT '当前面试轮次',
  `interview_time` datetime DEFAULT NULL COMMENT '面试时间',
  `interviewer` varchar(64) DEFAULT NULL COMMENT '面试官',
  `resume_file_path` varchar(255) DEFAULT NULL COMMENT '简历文件路径',
  `education_background` text COMMENT '教育背景 JSON',
  `work_experience` text COMMENT '工作经历 JSON',
  `skill_tags` varchar(255) DEFAULT NULL COMMENT '技能标签',
  `create_time` datetime DEFAULT CURRENT_TIMESTAMP COMMENT '创建时间',
  `update_time` datetime DEFAULT CURRENT_TIMESTAMP ON UPDATE CURRENT_TIMESTAMP COMMENT '更新时间',
  PRIMARY KEY (`recruit_id`)
) ENGINE=InnoDB AUTO_INCREMENT=53 DEFAULT CHARSET=utf8mb4 COLLATE=utf8mb4_0900_ai_ci COMMENT='招聘候选人表';
/*!40101 SET character_set_client = @saved_cs_client */;

--
-- Dumping data for table `recruitment`
--

LOCK TABLES `recruitment` WRITE;
/*!40000 ALTER TABLE `recruitment` DISABLE KEYS */;
INSERT INTO `recruitment` VALUES (1,'后端开发工程师','技术部','李明','13511110001','liming@qq.com','BOSS直聘',2,1,NULL,NULL,'钱总监','./resume/liming.pdf','[{\"school\":\"山东大学\",\"major\":\"计算机科学\",\"degree\":\"本科\",\"grad\":\"2024\"}]','[{\"company\":\"小型软件公司\",\"post\":\"后端开发\",\"time\":\"2024.07-至今\"}]','Java,SpringBoot,MySQL,Redis','2026-07-02 20:15:38','2026-07-02 20:15:38'),(2,'前端开发工程师','技术部','王小雨','13511110002','wangxy@163.com','智联招聘',2,2,1,'2026-07-05 14:00:00','钱总监','./resume/wangxy.docx','[{\"school\":\"青岛大学\",\"major\":\"软件工程\",\"degree\":\"本科\",\"grad\":\"2023\"}]','[{\"company\":\"互联网初创\",\"post\":\"前端开发\",\"time\":\"2023.06-至今\"}]','Vue3,TypeScript,ElementPlus','2026-07-02 20:15:38','2026-07-02 20:15:38'),(3,'产品经理','产品部','张磊','13511110003','zhanglei@outlook.com','内推',2,3,2,'2026-07-08 10:30:00','郑产品','./resume/zhanglei.pdf','[{\"school\":\"中国海洋大学\",\"major\":\"产品设计\",\"degree\":\"硕士\",\"grad\":\"2022\"}]','[{\"company\":\"中型互联网\",\"post\":\"产品专员\",\"time\":\"2022.08-至今\"}]','Axure,PRD,需求分析,用户调研','2026-07-02 20:15:38','2026-07-02 20:15:38'),(4,'测试工程师','技术部','刘佳','13511110004','liujia@qq.com','前程无忧',1,1,NULL,NULL,'钱总监','./resume/liujia.docx','[{\"school\":\"山东科技大学\",\"major\":\"计科\",\"degree\":\"本科\",\"grad\":\"2024\"}]','[]','功能测试,自动化测试,Postman','2026-07-02 20:15:38','2026-07-02 20:15:38'),(5,'运维工程师','技术部','陈阳','13511110005','chenyang@163.com','BOSS直聘',2,4,3,'2026-07-10 15:00:00','钱总监','./resume/chenyang.pdf','[{\"school\":\"中国石油大学\",\"major\":\"网络工程\",\"degree\":\"本科\",\"grad\":\"2021\"}]','[{\"company\":\"云服务商\",\"post\":\"运维\",\"time\":\"2021.09-至今\"}]','Linux,Docker,K8s,Nginx','2026-07-02 20:15:38','2026-07-02 20:15:38'),(6,'UI设计师','产品部','赵雅','13511110006','zhaoya@qq.com','脉脉',2,5,NULL,NULL,'郑产品','./resume/zhaoya.pdf','[{\"school\":\"山东工艺美院\",\"major\":\"视觉传达\",\"degree\":\"本科\",\"grad\":\"2023\"}]','[{\"company\":\"广告公司\",\"post\":\"UI设计\",\"time\":\"2023.07-至今\"}]','Figma,PS,AI,交互设计','2026-07-02 20:15:38','2026-07-02 20:15:38'),(7,'销售专员','市场部','孙浩','13511110007','sunhao@163.com','BOSS直聘',1,1,NULL,NULL,'何市场','./resume/sunhao.docx','[{\"school\":\"青岛理工大学\",\"major\":\"市场营销\",\"degree\":\"本科\",\"grad\":\"2024\"}]','[]','客户谈判,渠道拓展,销售话术','2026-07-02 20:15:38','2026-07-02 20:15:38'),(8,'HR招聘专员','人事部','周琳','13511110008','zhoulin@outlook.com','内推',2,2,1,'2026-07-06 09:30:00','孙人事','./resume/zhoulin.pdf','[{\"school\":\"山东师范大学\",\"major\":\"人力资源\",\"degree\":\"本科\",\"grad\":\"2022\"}]','[{\"company\":\"中小企业HR\",\"post\":\"招聘助理\",\"time\":\"2022.10-至今\"}]','简历筛选,面试邀约,入离职办理','2026-07-02 20:15:38','2026-07-02 20:15:38'),(9,'数据开发','技术部','吴峰','13511110009','wufeng@qq.com','智联招聘',2,7,NULL,NULL,'钱总监','./resume/wufeng.pdf','[{\"school\":\"哈工大威海\",\"major\":\"大数据\",\"degree\":\"硕士\",\"grad\":\"2021\"}]','[{\"company\":\"数据公司\",\"post\":\"数开\",\"time\":\"2021.07-2025.12\"}]','Hive,Spark,Python,MySQL','2026-07-02 20:15:38','2026-07-02 20:15:38'),(10,'财务会计','财务部','马菲','13511110010','mafei@163.com','前程无忧',1,1,NULL,NULL,'陈财务','./resume/mafei.docx','[{\"school\":\"山东财经大学\",\"major\":\"会计学\",\"degree\":\"本科\",\"grad\":\"2024\"}]','[]','金蝶,发票管理,工资核算','2026-07-02 20:15:38','2026-07-02 20:15:38'),(11,'后端开发工程师','技术部','黄涛','13511110011','huangt@qq.com','脉脉',2,3,2,'2026-07-07 16:00:00','钱总监','./resume/huangtao.pdf','[{\"school\":\"烟台大学\",\"major\":\"计算机\",\"degree\":\"本科\",\"grad\":\"2023\"}]','[{\"company\":\"外包公司\",\"post\":\"后端开发\",\"time\":\"2023.08-至今\"}]','SpringCloud,MongoDB,微服务','2026-07-02 20:15:38','2026-07-02 20:15:38'),(12,'新媒体运营','市场部','林小冉','13511110012','linxr@163.com','BOSS直聘',2,2,1,'2026-07-09 11:00:00','何市场','./resume/linxiaoran.docx','[{\"school\":\"鲁东大学\",\"major\":\"新媒体\",\"degree\":\"本科\",\"grad\":\"2023\"}]','[{\"company\":\"电商公司\",\"post\":\"运营\",\"time\":\"2023.09-至今\"}]','短视频,小红书,文案策划','2026-07-02 20:15:38','2026-07-02 20:15:38'),(13,'自动化测试','技术部','朱凯','13511110013','zhukai@outlook.com','内推',2,4,3,'2026-07-11 09:00:00','钱总监','./resume/zhukai.pdf','[{\"school\":\"济南大学\",\"major\":\"软件工程\",\"degree\":\"本科\",\"grad\":\"2022\"}]','[{\"company\":\"软件企业\",\"post\":\"测试开发\",\"time\":\"2022.07-至今\"}]','Selenium,Playwright,Java测试','2026-07-02 20:15:38','2026-07-02 20:15:38'),(14,'交互设计师','产品部','苏晴','13511110014','suqing@qq.com','智联招聘',1,1,NULL,NULL,'郑产品','./resume/suqing.docx','[{\"school\":\"曲阜师范大学\",\"major\":\"数字媒体\",\"degree\":\"本科\",\"grad\":\"2024\"}]','[]','用户流程,原型设计,用户体验','2026-07-02 20:15:38','2026-07-02 20:15:38'),(15,'大客户销售','市场部','程磊','13511110015','chenglei@163.com','前程无忧',2,3,2,'2026-07-12 14:30:00','何市场','./resume/chenglei.pdf','[{\"school\":\"山东工商学院\",\"major\":\"营销管理\",\"degree\":\"本科\",\"grad\":\"2022\"}]','[{\"company\":\"设备厂商\",\"post\":\"销售代表\",\"time\":\"2022.09-至今\"}]','大客户维护,招投标,商务谈判','2026-07-02 20:15:38','2026-07-02 20:15:38'),(16,'行政专员','行政部','温佳佳','13511110016','wenjj@outlook.com','BOSS直聘',2,2,1,'2026-07-13 10:00:00','林行政','./resume/wenjiajia.docx','[{\"school\":\"潍坊学院\",\"major\":\"行政管理\",\"degree\":\"本科\",\"grad\":\"2023\"}]','[{\"company\":\"贸易公司\",\"post\":\"行政\",\"time\":\"2023.07-至今\"}]','采购管理,会务,固定资产管理','2026-07-02 20:15:38','2026-07-02 20:15:38'),(17,'云运维工程师','技术部','贺明','13511110017','heming@qq.com','脉脉',2,5,NULL,NULL,'钱总监','./resume/heming.pdf','[{\"school\":\"青岛科技大学\",\"major\":\"云计算\",\"degree\":\"本科\",\"grad\":\"2021\"}]','[{\"company\":\"云服务商\",\"post\":\"运维工程师\",\"time\":\"2021.08-至今\"}]','阿里云,Prometheus,Grafana','2026-07-02 20:15:38','2026-07-02 20:15:38'),(18,'产品实习生','产品部','潘悦','13511110018','panyue@163.com','校园招聘',1,1,NULL,NULL,'郑产品','./resume/panyue.docx','[{\"school\":\"青岛大学\",\"major\":\"产品设计\",\"degree\":\"专科\",\"grad\":\"2026\"}]','[]','需求整理,原型绘制,文档编写','2026-07-02 20:15:38','2026-07-02 20:15:38'),(19,'Java实习生','技术部','方浩','13511110019','fanghao@outlook.com','校园招聘',1,2,1,'2026-07-14 15:00:00','钱总监','./resume/fanghao.pdf','[{\"school\":\"山东理工大学\",\"major\":\"计科\",\"degree\":\"本科\",\"grad\":\"2026\"}]','[]','Java基础,MySQL,简单接口开发','2026-07-02 20:15:38','2026-07-02 20:15:38'),(20,'渠道销售','市场部','葛亮','13511110020','geliang@qq.com','BOSS直聘',2,7,NULL,NULL,'何市场','./resume/geliang.docx','[{\"school\":\"滨州学院\",\"major\":\"市场营销\",\"degree\":\"本科\",\"grad\":\"2023\"}]','[{\"company\":\"渠道公司\",\"post\":\"渠道专员\",\"time\":\"2023.06-2025.10\"}]','渠道拓新,经销商维护','2026-07-02 20:15:38','2026-07-02 20:15:38'),(21,'法务专员','总经办','姚欣','13511110021','yaoxin@163.com','智联招聘',2,3,2,'2026-07-15 09:30:00','赵总','./resume/yaoxin.pdf','[{\"school\":\"中国政法大学（威海）\",\"major\":\"法学\",\"degree\":\"硕士\",\"grad\":\"2022\"}]','[{\"company\":\"集团法务部\",\"post\":\"法务助理\",\"time\":\"2022.08-至今\"}]','合同审核,劳动纠纷,知识产权','2026-07-02 20:15:38','2026-07-02 20:15:38'),(22,'前端实习生','技术部','石小雨','13511110022','shixy@outlook.com','校园招聘',1,1,NULL,NULL,'钱总监','./resume/shixiaoyu.docx','[{\"school\":\"烟台南山学院\",\"major\":\"前端开发\",\"degree\":\"专科\",\"grad\":\"2026\"}]','[]','HTML,CSS,Javascript基础','2026-07-02 20:15:38','2026-07-02 20:15:38'),(23,'总账会计','财务部','钟丽','13511110023','zhongli@qq.com','前程无忧',2,4,3,'2026-07-16 14:00:00','陈财务','./resume/zhongli.pdf','[{\"school\":\"山东财经大学\",\"major\":\"会计学\",\"degree\":\"硕士\",\"grad\":\"2021\"}]','[{\"company\":\"制造企业\",\"post\":\"总账会计\",\"time\":\"2021.09-至今\"}]','全盘账务,税务申报,年度汇算','2026-07-02 20:15:38','2026-07-02 20:15:38'),(24,'品牌文案','市场部','施雯','13511110024','shiwen@163.com','脉脉',2,2,1,'2026-07-17 10:30:00','何市场','./resume/shiwen.docx','[{\"school\":\"齐鲁工业大学\",\"major\":\"汉语言文学\",\"degree\":\"本科\",\"grad\":\"2023\"}]','[{\"company\":\"品牌公司\",\"post\":\"文案策划\",\"time\":\"2023.07-至今\"}]','品牌软文,活动文案,短视频脚本','2026-07-02 20:15:38','2026-07-02 20:15:38'),(25,'安全管理员','行政部','韩峰','13511110025','hanfeng@outlook.com','BOSS直聘',1,1,NULL,NULL,'林行政','./resume/hanfeng.pdf','[{\"school\":\"山东交通学院\",\"major\":\"安全工程\",\"degree\":\"本科\",\"grad\":\"2024\"}]','[]','厂区安全,消防检查,制度制定','2026-07-02 20:15:38','2026-07-02 20:15:38'),(26,'数据分析师','技术部','金梓','13511110026','jinzi@qq.com','内推',2,3,2,'2026-07-18 16:00:00','钱总监','./resume/jinzi.pdf','[{\"school\":\"中国石油大学\",\"major\":\"统计学\",\"degree\":\"硕士\",\"grad\":\"2022\"}]','[{\"company\":\"互联网公司\",\"post\":\"数据分析师\",\"time\":\"2022.08-至今\"}]','SQL,Pandas,Tableau,用户画像','2026-07-02 20:15:38','2026-07-02 20:15:38'),(27,'HR助理','人事部','唐思','13511110027','tangsi@163.com','智联招聘',2,5,NULL,NULL,'孙人事','./resume/tangsi.docx','[{\"school\":\"临沂大学\",\"major\":\"人力资源管理\",\"degree\":\"本科\",\"grad\":\"2023\"}]','[{\"company\":\"小微企业\",\"post\":\"人事助理\",\"time\":\"2023.09-至今\"}]','员工档案,考勤统计,社保办理','2026-07-02 20:15:38','2026-07-02 20:15:38'),(28,'测试实习生','技术部','罗航','13511110028','luohang@outlook.com','校园招聘',1,2,1,'2026-07-19 09:00:00','钱总监','./resume/luohang.pdf','[{\"school\":\"枣庄学院\",\"major\":\"软件工程\",\"degree\":\"本科\",\"grad\":\"2026\"}]','[]','用例编写,功能测试,缺陷管理','2026-07-02 20:15:38','2026-07-02 20:15:38'),(29,'电商运营','市场部','魏琳','13511110029','weilin@qq.com','前程无忧',2,4,3,'2026-07-20 14:30:00','何市场','./resume/weilin.docx','[{\"school\":\"德州学院\",\"major\":\"电子商务\",\"degree\":\"本科\",\"grad\":\"2022\"}]','[{\"company\":\"电商店铺\",\"post\":\"运营专员\",\"time\":\"2022.07-至今\"}]','店铺推广,活动策划,数据分析','2026-07-02 20:15:38','2026-07-02 20:15:38'),(30,'采购专员','行政部','邢浩','13511110030','xinghao@163.com','BOSS直聘',2,7,NULL,NULL,'林行政','./resume/xinghao.pdf','[{\"school\":\"济宁学院\",\"major\":\"供应链管理\",\"degree\":\"本科\",\"grad\":\"2023\"}]','[{\"company\":\"生产企业\",\"post\":\"采购助理\",\"time\":\"2023.08-2025.11\"}]','供应商对接,比价,入库管理','2026-07-02 20:15:38','2026-07-02 20:15:38'),(31,'微服务开发','技术部','邵杰','13511110031','shaojie@outlook.com','脉脉',2,3,2,'2026-07-21 15:00:00','钱总监','./resume/shaojie.pdf','[{\"school\":\"潍坊理工学院\",\"major\":\"计算机\",\"degree\":\"本科\",\"grad\":\"2022\"}]','[{\"company\":\"软件厂商\",\"post\":\"后端开发\",\"time\":\"2022.09-至今\"}]','SpringCloud Gateway,Nacos,RabbitMQ','2026-07-02 20:15:38','2026-07-02 20:15:38'),(32,'平面设计师','产品部','纪菲','13511110032','jifei@qq.com','智联招聘',1,1,NULL,NULL,'郑产品','./resume/jifei.docx','[{\"school\":\"山东艺术学院\",\"major\":\"视觉传达\",\"degree\":\"本科\",\"grad\":\"2024\"}]','[]','海报设计,宣传单,品牌物料','2026-07-02 20:15:38','2026-07-02 20:15:38'),(33,'渠道运营','市场部','段旭','13511110033','duanxu@163.com','内推',2,2,1,'2026-07-22 10:00:00','何市场','./resume/duanxu.pdf','[{\"school\":\"菏泽学院\",\"major\":\"市场营销\",\"degree\":\"本科\",\"grad\":\"2023\"}]','[{\"company\":\"互联网平台\",\"post\":\"渠道运营\",\"time\":\"2023.07-至今\"}]','渠道活动,商户维护,数据复盘','2026-07-02 20:15:38','2026-07-02 20:15:38'),(34,'费用会计','财务部','盛楠','13511110034','shengnan@outlook.com','前程无忧',2,4,3,'2026-07-23 14:00:00','陈财务','./resume/shengnan.pdf','[{\"school\":\"山东管理学院\",\"major\":\"会计电算化\",\"degree\":\"本科\",\"grad\":\"2022\"}]','[{\"company\":\"连锁企业\",\"post\":\"费用会计\",\"time\":\"2022.08-至今\"}]','报销审核,费用管控,凭证录入','2026-07-02 20:15:38','2026-07-02 20:15:38'),(35,'网络运维','技术部','谷城','13511110035','gucheng@qq.com','BOSS直聘',1,1,NULL,NULL,'钱总监','./resume/gucheng.docx','[{\"school\":\"山东电子职业学院\",\"major\":\"网络技术\",\"degree\":\"专科\",\"grad\":\"2024\"}]','[]','交换机配置,局域网维护,故障排查','2026-07-02 20:15:38','2026-07-02 20:15:38'),(36,'猎头推荐后端','技术部','欧洋','13511110036','ouyang@163.com','猎头',2,5,NULL,NULL,'钱总监','./resume/ouyang.pdf','[{\"school\":\"南京理工大学\",\"major\":\"计算机\",\"degree\":\"硕士\",\"grad\":\"2021\"}]','[{\"company\":\"头部互联网\",\"post\":\"高级后端\",\"time\":\"2021.07-至今\"}]','分布式,分库分表,高并发优化','2026-07-02 20:15:38','2026-07-02 20:15:38'),(37,'短视频剪辑','市场部','单彤','13511110037','shantong@outlook.com','脉脉',2,3,2,'2026-07-24 09:30:00','何市场','./resume/shantong.docx','[{\"school\":\"青岛电影学院\",\"major\":\"影视剪辑\",\"degree\":\"本科\",\"grad\":\"2023\"}]','[{\"company\":\"MCN机构\",\"post\":\"剪辑师\",\"time\":\"2023.09-至今\"}]','PR,AE,短视频剪辑,脚本拍摄','2026-07-02 20:15:38','2026-07-02 20:15:38'),(38,'仓库管理员','行政部','屈强','13511110038','quqiang@qq.com','本地招聘',1,1,NULL,NULL,'林行政','./resume/quqiang.docx','[{\"school\":\"山东轻工职业学院\",\"major\":\"物流管理\",\"degree\":\"专科\",\"grad\":\"2024\"}]','[]','出入库登记,库存盘点,物料管理','2026-07-02 20:15:38','2026-07-02 20:15:38'),(39,'AI算法实习生','技术部','聂远','13511110039','nieyuan@163.com','校园招聘',1,2,1,'2026-07-25 16:00:00','钱总监','./resume/nieyuan.pdf','[{\"school\":\"山东大学威海\",\"major\":\"人工智能\",\"degree\":\"本科\",\"grad\":\"2026\"}]','[]','Python,Scikit-learn,数据预处理','2026-07-02 20:15:38','2026-07-02 20:15:38'),(40,'招聘主管','人事部','莫莉','13511110040','moli@outlook.com','智联招聘',2,4,3,'2026-07-26 10:30:00','孙人事','./resume/moli.docx','[{\"school\":\"山东财经大学\",\"major\":\"人力资源\",\"degree\":\"硕士\",\"grad\":\"2021\"}]','[{\"company\":\"中型企业\",\"post\":\"招聘主管\",\"time\":\"2021.08-至今\"}]','全渠道招聘,人才盘点,面试体系搭建','2026-07-02 20:15:38','2026-07-02 20:15:38'),(41,'售前解决方案','市场部','向辉','13511110041','xianghui@qq.com','内推',2,7,NULL,NULL,'何市场','./resume/xianghui.pdf','[{\"school\":\"河南大学\",\"major\":\"计算机\",\"degree\":\"本科\",\"grad\":\"2022\"}]','[{\"company\":\"软件服务商\",\"post\":\"售前工程师\",\"time\":\"2022.07-2025.12\"}]','方案编写,客户演示,需求调研','2026-07-02 20:15:38','2026-07-02 20:15:38'),(42,'高级前端工程师','技术部','温博','13511110042','wenbo@163.com','猎头',2,3,2,'2026-07-27 14:00:00','钱总监','./resume/wenbo.pdf','[{\"school\":\"大连理工大学\",\"major\":\"软件工程\",\"degree\":\"硕士\",\"grad\":\"2021\"}]','[{\"company\":\"大厂前端团队\",\"post\":\"前端开发\",\"time\":\"2021.09-至今\"}]','React,Three.js,性能优化,工程化','2026-07-02 20:15:38','2026-07-02 20:15:38'),(43,'档案管理员','行政部','裴晓','13511110043','peixiao@outlook.com','BOSS直聘',1,1,NULL,NULL,'林行政','./resume/peixiao.docx','[{\"school\":\"潍坊工程职业学院\",\"major\":\"文秘\",\"degree\":\"专科\",\"grad\":\"2024\"}]','[]','纸质档案归档,电子档案录入,资料借阅管理','2026-07-02 20:15:38','2026-07-02 20:15:38'),(44,'BI开发工程师','技术部','齐辰','13511110044','qichen@qq.com','脉脉',2,2,1,'2026-07-28 09:00:00','钱总监','./resume/qichen.pdf','[{\"school\":\"中国海洋大学\",\"major\":\"大数据\",\"degree\":\"本科\",\"grad\":\"2022\"}]','[{\"company\":\"数据科技公司\",\"post\":\"BI开发\",\"time\":\"2022.08-至今\"}]','FineBI,SQL数据建模,报表开发','2026-07-02 20:15:38','2026-07-02 20:15:38'),(45,'美妆品类运营','市场部','葛菲','13511110045','gefei@163.com','前程无忧',2,4,3,'2026-07-29 15:00:00','何市场','./resume/gefei.docx','[{\"school\":\"山东女子学院\",\"major\":\"电商运营\",\"degree\":\"本科\",\"grad\":\"2023\"}]','[{\"company\":\"美妆电商\",\"post\":\"品类运营\",\"time\":\"2023.07-至今\"}]','品类规划,活动GMV复盘,直播运营','2026-07-02 20:15:38','2026-07-02 20:15:38'),(46,'固定资产会计','财务部','戚悦','13511110046','qiyue@outlook.com','智联招聘',1,1,NULL,NULL,'陈财务','./resume/qiyue.docx','[{\"school\":\"聊城大学\",\"major\":\"会计学\",\"degree\":\"本科\",\"grad\":\"2024\"}]','[]','固定资产折旧,资产盘点,台账管理','2026-07-02 20:15:38','2026-07-02 20:15:38'),(47,'渗透测试工程师','技术部','管浩','13511110047','guanhao@qq.com','猎头',2,5,NULL,NULL,'钱总监','./resume/guanhao.pdf','[{\"school\":\"西安电子科技大学\",\"major\":\"网络安全\",\"degree\":\"硕士\",\"grad\":\"2021\"}]','[{\"company\":\"安全厂商\",\"post\":\"渗透测试\",\"time\":\"2021.07-至今\"}]','漏洞挖掘,等保测评,安全巡检','2026-07-02 20:15:38','2026-07-02 20:15:38'),(48,'社群运营','市场部','骆瑶','13511110048','luoyao@163.com','BOSS直聘',2,3,2,'2026-07-30 10:30:00','何市场','./resume/luoyao.docx','[{\"school\":\"泰山学院\",\"major\":\"广告学\",\"degree\":\"本科\",\"grad\":\"2023\"}]','[{\"company\":\"教育公司\",\"post\":\"社群运营\",\"time\":\"2023.09-至今\"}]','用户社群维护,裂变活动,私域转化','2026-07-02 20:15:38','2026-07-02 20:15:38'),(49,'实习行政','行政部','贺小雨','13511110049','hexiaoyu@outlook.com','校园招聘',1,2,1,'2026-07-31 14:00:00','林行政','./resume/hexiaoyu.pdf','[{\"school\":\"山东现代学院\",\"major\":\"行政管理\",\"degree\":\"专科\",\"grad\":\"2026\"}]','[]','前台接待,办公用品采购,会议布置','2026-07-02 20:15:38','2026-07-02 20:15:38'),(50,'资深产品经理','产品部','高凡','13511110050','gaofan@qq.com','内推',2,7,NULL,NULL,'郑产品','./resume/gaofan.pdf','[{\"school\":\"复旦大学\",\"major\":\"产品管理\",\"degree\":\"硕士\",\"grad\":\"2020\"}]','[{\"company\":\"头部互联网\",\"post\":\"高级产品经理\",\"time\":\"2020.08-至今\"}]','产品全生命周期,业务架构,跨部门协同','2026-07-02 20:15:38','2026-07-02 20:15:38'),(52,'后端开发','技术部','马凯峰','13832053302','13832053302@163.com','系统上传',2,2,1,'2026-07-04 18:00:00','郑涵','D:\\PythonProject\\FastAPIAgent\\uploads\\中国石油大学（华东）-马凯峰.pdf','[{\"school\": \"中国石油\", \"degree\": \"大\"}, {\"school\": \"青岛软件学院、计算机\", \"degree\": \"科\"}, {\"school\": \"中电信翼康\", \"degree\": \"科\"}]','[{\"start_date\": \"2025\", \"end_date\": \"10\", \"company\": \"大\", \"position\": \"学\"}, {\"start_date\": \"2026\", \"end_date\": \"04\", \"company\": \"第\", \"position\": \"十\"}, {\"start_date\": \"2026\", \"end_date\": \"05\", \"company\": \"全\", \"position\": \"国\"}, {\"start_date\": \"2\", \"company\": \"023 年 9 月 -\", \"position\": \"2027\"}]','JUC,MyBatis-Plus；熟悉微服务基础架构；,后端核心：掌握,SpringBoot+MySQL+MyBatis+SpringAI+JWT+insightFace,GC优化；熟悉Spring全家桶,•,JVM,MyBatis,Java','2026-07-04 15:31:38','2026-07-04 15:31:38');
/*!40000 ALTER TABLE `recruitment` ENABLE KEYS */;
UNLOCK TABLES;
/*!40103 SET TIME_ZONE=@OLD_TIME_ZONE */;

/*!40101 SET SQL_MODE=@OLD_SQL_MODE */;
/*!40014 SET FOREIGN_KEY_CHECKS=@OLD_FOREIGN_KEY_CHECKS */;
/*!40014 SET UNIQUE_CHECKS=@OLD_UNIQUE_CHECKS */;
/*!40101 SET CHARACTER_SET_CLIENT=@OLD_CHARACTER_SET_CLIENT */;
/*!40101 SET CHARACTER_SET_RESULTS=@OLD_CHARACTER_SET_RESULTS */;
/*!40101 SET COLLATION_CONNECTION=@OLD_COLLATION_CONNECTION */;
/*!40111 SET SQL_NOTES=@OLD_SQL_NOTES */;

-- Dump completed on 2026-07-04 18:57:38
